Company Name,Type,Primary Market(s),Metros Served,National / multi-market,Street Address,HQ City,HQ State,ZIP,Phone,Email,Website,Pricing (availability),Reference Rate (market avg),Notes,Source,Confidence
Clear Channel Outdoor,National operator,Nationwide (top-3 US operator),All listed metros (nationwide),Yes,,San Antonio,TX,,,,https://clearchanneloutdoor.com/,Quote only — request from company,Static ~$1k–$25k+/4wk; premium/spectacular boards much higher (market avg),Big-three operator; ~$2.1B revenue. e.g. Phoenix ~500 displays reaching 88% of adults 18+ weekly.,clearchanneloutdoor.com; WebSearch 2026-07-08,High
JCDecaux,National operator,"Transit & street furniture: NYC bus shelters, JFK & LGA airports",New York; Los Angeles; Chicago,Yes,,New York,NY,,,,https://www.jcdecaux.com/,Quote only — request from company,Street furniture / airport / transit — quote only,Exclusive NYC bus-shelter network + JFK/LGA airport advertising; global OOH leader.,WebSearch 2026-07-08,High
Lamar Advertising,National operator,Nationwide (largest US billboard network),All listed metros (nationwide),Yes,,Baton Rouge,LA,,,,https://lamar.com/,Quote only — request from company,Static ~$1k–$25k+/4wk; premium/spectacular boards much higher (market avg),"Largest US OOH operator; ~350k+ displays. Strong in LA, TX, AZ, San Diego (I-5/I-805/I-15/Hwy 78), Jacksonville.",lamar.com; WebSearch 2026-07-08,High
OUTFRONT Media,National operator,Nationwide (top-3 US operator; major transit),All listed metros (nationwide),Yes,,New York,NY,,,,https://www.outfront.com/,Quote only — request from company,Static ~$1k–$25k+/4wk; premium/spectacular boards much higher (market avg),Big-three operator; runs NYC MTA transit advertising. Billboards + transit in all top-10 markets.,outfront.com; WebSearch 2026-07-08,High
AdQuick,Broker / agency / marketplace,Nationwide OOH marketplace,All listed metros (nationwide),Yes,,,FL,,,,https://www.adquick.com/,Quote only — request from company,Marketplace booking; publishes 2026 cost/CPM guides,Aggregates operator inventory nationwide; good for live availability & pricing benchmarks.,adquick.com; WebSearch 2026-07-08,Medium
Becker Boards,Regional operator,"Phoenix (+ SF, Miami, Ft. Lauderdale, Orlando, Chicago)",Phoenix; Chicago; San Francisco; Miami,Yes,,Phoenix,AZ,,,,https://www.beckerboards.com/,Quote only — request from company,Static ~$1k–$25k+/4wk; premium/spectacular boards much higher (market avg),"Digital, static & wallscape billboards; city-wide greater-Phoenix coverage.",beckerboards.com; WebSearch 2026-07-08,Medium
Billboard Connection,Broker / agency / marketplace,Nationwide brokerage franchise (since 1997),All listed metros (nationwide),Yes,,,FL,,,,https://billboardconnection.com/,Quote only — request from company,"Brokerage — designs, launches & manages OOH campaigns",National billboard-advertising franchise; represents outdoor companies in most US markets.,billboardconnection.com; WebSearch 2026-07-08,Medium
Billups,Broker / agency / marketplace,National OOH agency / managed services,All listed metros (nationwide),Yes,,,FL,,,,https://www.billups.com/,Quote only — request from company,Managed-service buying across operators — quote only,Independent global OOH agency; plans/buys/measures across all operators & markets.,billups.com; WebSearch 2026-07-08,Medium
Blue Line Media,Broker / agency / marketplace,Nationwide brokerage,All listed metros (nationwide),Yes,,,FL,,(800) 807-0360,Advertise@BlueLineMedia.com,https://www.bluelinemedia.com/,Quote only — request from company,Brokerage; publishes market rate guides,Books static & digital billboards across operators in every major market.,bluelinemedia.com; WebSearch 2026-07-08,Medium
Branded Cities Network,National operator,Times Square spectaculars + major-market landmarks,New York; Los Angeles; Chicago,Yes,,,FL,,,,https://www.brandedcities.com/,Quote only — request from company,"Spectacular / landmark placements — quote only, high-end",Operates marquee Times Square spectaculars and other landmark displays.,WebSearch 2026-07-08,Medium
Brooklyn Outdoor,Regional operator,New York DMA; Los Angeles; Chicago,New York; Los Angeles; Chicago,Yes,,New York,NY,,,,https://brooklynoutdoor.com/,Quote only — request from company,Static ~$1k–$25k+/4wk; premium/spectacular boards much higher (market avg),"Woman-owned OOH firm; billboards, wallscapes, experiential.",brooklynoutdoor.com; WebSearch 2026-07-08,Medium
Capitol Outdoor,National operator,Chicago; LA; Manhattan; Philadelphia; San Diego; Miami; Washington DC; Sacramento,New York; Los Angeles; Chicago; Philadelphia; San Diego; Miami; Washington DC; Sacramento,Yes,,,FL,,,,https://capitoloutdoor.com/,Quote only — request from company,Static ~$1k–$25k+/4wk; premium/spectacular boards much higher (market avg),"Digital billboards, kiosks, wallscapes across major markets.",capitoloutdoor.com; WebSearch 2026-07-08,Medium
"Digital Outdoor Advertising, LLC",National operator,Coast-to-coast digital network (200+ markets),New York; Philadelphia; Boston; Washington DC; Jacksonville,Yes,,,FL,,,,https://digitaloutdooradvertising.com/,Quote only — request from company,Static ~$1k–$25k+/4wk; premium/spectacular boards much higher (market avg),"20,000+ digital & static billboards across 200+ markets incl. Philadelphia and Jacksonville.",digitaloutdooradvertising.com; WebSearch 2026-07-08,Medium
Fliphound,Broker / agency / marketplace,Nationwide self-serve billboard marketplace (600+ markets),All listed metros (nationwide),Yes,,,FL,,,,https://fliphound.com/,Quote only — request from company,Self-serve; real-time pricing & package rates,Online marketplace/network — static & digital billboards across 600+ US markets.,fliphound.com; WebSearch 2026-07-08,Medium
Intersection,National operator,Transit & smart-city media (LinkNYC kiosks),New York; Chicago; Philadelphia,Yes,,New York,NY,,,,https://www.intersection.com/,Quote only — request from company,Digital kiosk / transit — quote only,Runs LinkNYC kiosk network; transit & place-based media in multiple metros.,WebSearch 2026-07-08,Medium
MediaLease OOH,Broker / agency / marketplace,National one-stop OOH (est. early 1980s),All listed metros (nationwide),Yes,,,FL,,,,https://www.medialeaseooh.com/,Quote only — request from company,Static ~$1k–$25k+/4wk; premium/spectacular boards much higher (market avg),"One-stop OOH rep in most US metros (Atlanta, Miami, Seattle, Phoenix, San Diego, San Antonio, LA, Jacksonville…): billboards, rail/bus, shelters, digital.",medialeaseooh.com; WebSearch 2026-07-08,Medium
New Tradition Media,National operator,"Premium spectaculars: NYC Times Sq, LA Hollywood, Chicago, Portland",New York; Los Angeles; Chicago; Portland,Yes,,Chicago,IL,,,,https://www.newtradition.com/,Quote only — request from company,"Premium / spectacular placements — quote only, high-end","Large-format 'spectacular' billboards in marquee locations (Times Square, Hollywood).",newtradition.com; WebSearch 2026-07-08,Medium
Van Wagner,National operator,Sports & entertainment venue OOH (stadiums/arenas),New York; Los Angeles; Chicago,Yes,,New York,NY,,,,https://www.vanwagner.com/,Quote only — request from company,Venue / sponsorship media — quote only,"OOH inventory for stadiums, arenas and sports/entertainment facilities.",vanwagner.com; WebSearch 2026-07-08,Medium
Vector Media,National operator,"Transit & experiential (buses, double-deckers)",New York; Chicago; Philadelphia,Yes,,New York,NY,,,,https://vectormedia.com/,Quote only — request from company,Transit / experiential — quote only,"Large-format transit, double-decker buses, experiential assets across US metros.",vectormedia.com; WebSearch 2026-07-08,Medium
AltTerrain,Mobile / LED-truck operator,"Mobile & street-level: NYC, Chicago, LA",New York; Chicago; Los Angeles,Yes,,,FL,,,,https://altterrain.com/,Quote only — request from company,Mobile / street-level placements — quote only,"Mobile billboards + street-level media (bodegas, laundromats, barbershops).",altterrain.com; WebSearch 2026-07-08,Low
BillboardsIn,Broker / agency / marketplace,Nationwide OOH marketplace,All listed metros (nationwide),Yes,,,FL,,,,https://www.billboardsin.com/,Quote only — request from company,Marketplace booking — dynamic,Searchable inventory marketplace across US markets.,billboardsin.com; WebSearch 2026-07-08,Low
Reagan Outdoor Advertising,Regional operator,Salt Lake City (HQ); Austin; Indianapolis; Las Vegas,Salt Lake City; Austin; Indianapolis; Las Vegas,No,,Salt Lake City,UT,,,,https://www.reaganoutdoor.com/,Quote only — request from company,Static ~$1k–$25k+/4wk; premium/spectacular boards much higher (market avg),"Founded 1965 (William Reagan); privately held ~4,000-face plant across Utah, Texas & Nevada. Dominant local operator in SLC, Austin and Indianapolis.",reaganoutdoor.com; Billboard Insider; WebSearch 2026-07-08,High
Regency Outdoor Advertising,Regional operator,"Los Angeles / Orange County (Sunset Strip, LAX)",Los Angeles,No,8820 Sunset Blvd,West Hollywood,CA,90069,(310) 657-8883,,https://regencyoutdoor.com/,Quote only — request from company,"Premium bulletins/spectaculars — quote only, high-end","Est. 1974; SoCal's foremost private OOH firm. 300+ billboards & wallscapes, dominant Sunset Strip presence + LAX exterior. (Sold 35 Strip boards to Netflix for $150M in 2018.)",regencyoutdoor.com; WebSearch 2026-07-08,High
SignAd Outdoor Advertising,Regional operator,Texas (Houston-based) + parts of Louisiana,Houston; San Antonio; Dallas,No,,Houston,TX,,,,https://www.signad.com/,Quote only — request from company,Static ~$1k–$25k+/4wk; premium/spectacular boards much higher (market avg),"Largest independently owned OOH company in Texas; 2,600+ displays.",signad.com; WebSearch 2026-07-08,High
Ad-Trend,Regional operator,Kansas City metro,Kansas City,No,,Kansas City,MO,,,,http://www.ad-trend.com/,Quote only — request from company,Static ~$1k–$25k+/4wk; premium/spectacular boards much higher (market avg),Largest locally owned KC outdoor advertising company; continuous operation since 1985.,ad-trend.com; WebSearch 2026-07-08,Medium
Allison Outdoor Advertising,Regional operator,North Carolina; Tennessee; Georgia,Charlotte; Nashville,No,,,NC,,,,https://www.allisonoutdoor.com/,Quote only — request from company,Static ~$1k–$25k+/4wk; premium/spectacular boards much higher (market avg),Est. 1958; printed & digital billboards across NC/TN/GA incl. the TN Tri-Cities.,allisonoutdoor.com; WebSearch 2026-07-08,Medium
American Outdoor Advertising,Independent / local operator,San Diego; Phoenix,San Diego; Phoenix,No,,,FL,,,,https://www.americanoutdoor.com/,Quote only — request from company,Static ~$1k–$25k+/4wk; premium/spectacular boards much higher (market avg),Digital & static billboards on high-traffic routes; regional operator in San Diego and Phoenix.,americanoutdoor.com; WebSearch 2026-07-08,Medium
American Outdoor Advertising (Columbus),Regional operator,"Columbus, OH (+ OH/IN/FL/NY/PA/WV/KY)",Columbus,No,,Columbus,OH,,,,http://www.americanoutdooradvertising.net/,Quote only — request from company,Static ~$1k–$25k+/4wk; premium/spectacular boards much higher (market avg),"Long-established Columbus-based independent; boards across OH, IN, FL, NY, PA, WV, KY. (Distinct from the San Diego/Phoenix 'American Outdoor Advertising'.)",americanoutdooradvertising.net; WebSearch 2026-07-08,Medium
Arizona Billboard Company,Independent / local operator,Phoenix / Arizona,Phoenix,No,,Phoenix,AZ,,,,https://arizonabillboardcompany.com/,Quote only — request from company,Static ~$1k–$25k+/4wk; premium/spectacular boards much higher (market avg),"30+ yrs; billboards, digital LED, buses, shelters, airports, stadiums.",arizonabillboardcompany.com; WebSearch 2026-07-08,Medium
Arrington Outdoor Advertising,Regional operator,Dallas–Fort Worth Metroplex,Dallas,No,,Dallas,TX,,,,https://www.arringtonoutdoor.com/,Quote only — request from company,Static ~$1k–$25k+/4wk; premium/spectacular boards much higher (market avg),Largest independent billboard company in the DFW area; bulletins & digital.,arringtonoutdoor.com; WebSearch 2026-07-08,Medium
BM Outdoor Media,Regional operator,"44 Texas cities + many US metros (billboard, digital, transit, street furniture)",Houston; Dallas; San Antonio; Phoenix; Austin; Seattle; San Diego; Jacksonville; Detroit; Minneapolis; Charlotte; Tampa; Sacramento; Indianapolis; Columbus; Kansas City; St. Louis; Baltimore,No,,,FL,,,,https://bmoutdoor.com/,Quote only — request from company,Static ~$1k–$25k+/4wk; premium/spectacular boards much higher (market avg),"Billboards, digital, transit & street furniture across 44 TX cities and Phoenix.",bmoutdoor.com; WebSearch 2026-07-08,Medium
Bulletin Displays,Regional operator,Los Angeles (freeway billboards),Los Angeles,No,,Los Angeles,CA,,,,https://www.bulletindisplays.com/,Quote only — request from company,Static ~$1k–$25k+/4wk; premium/spectacular boards much higher (market avg),One of the top-5 freeway billboard operators in the LA area; digital & static.,bulletindisplays.com; WebSearch 2026-07-08,Medium
Carter Outdoor Advertising,Regional operator,South Florida (Miami / Ft. Lauderdale),Miami,No,,,FL,,,,https://www.carteroutdoor.com/,Quote only — request from company,Static ~$1k–$25k+/4wk; premium/spectacular boards much higher (market avg),"Family-owned, serving South Florida since 1956.",carteroutdoor.com; WebSearch 2026-07-08,Medium
Colossal Media,Independent / local operator,New York (Brooklyn) — hand-painted murals/wallscapes,New York,No,,Brooklyn,NY,,,,https://colossalmedia.com/,Quote only — request from company,Hand-painted wallscape / mural — quote only,Specialist in hand-painted outdoor advertising & public-art wallscapes.,colossalmedia.com; WebSearch 2026-07-08,Medium
DDI Media,Regional operator,St. Louis bi-state metro,St. Louis,No,,,MO,,,,https://www.ddimedia.net/our-markets/missouri/st-louis-area,Quote only — request from company,Static ~$1k–$25k+/4wk; premium/spectacular boards much higher (market avg),"Dominant St. Louis regional independent, esp. along I-70 and the Illinois side.",ddimedia.net; WebSearch 2026-07-08,Medium
Franklin Outdoor Advertising,Regional operator,Minnesota / Western Wisconsin,Minneapolis,No,,,MN,,,,https://franklinoutdoor.com/,Quote only — request from company,Static ~$1k–$25k+/4wk; premium/spectacular boards much higher (market avg),"50+ yrs; deep MN/W-WI roots — 1,000+ fully illuminated billboards.",franklinoutdoor.com; WebSearch 2026-07-08,Medium
Gilbreath Outdoor Advertising,Regional operator,Greater Houston + Texas Hill Country,Houston; San Antonio,No,,Houston,TX,,,,https://www.gilbreathoutdoor.com/,Quote only — request from company,Static ~$1k–$25k+/4wk; premium/spectacular boards much higher (market avg),Houston-area operator with a Texas Hill Country satellite office.,gilbreathoutdoor.com; WebSearch 2026-07-08,Medium
Grapevine Outdoor,Regional operator,"Portland, OR",Portland,No,,Portland,OR,,,,https://grapevineoutdoor.com/,Quote only — request from company,Static ~$1k–$25k+/4wk; premium/spectacular boards much higher (market avg),"Wallscapes, billboards, digital, advertising trikes/trucks & mall signage; local PDX perspective.",grapevineoutdoor.com; WebSearch 2026-07-08,Medium
Image Media Outdoor,Regional operator,Chicagoland,Chicago,No,,Chicago,IL,,,,https://imageoutdoor.com/,Quote only — request from company,Static ~$1k–$25k+/4wk; premium/spectacular boards much higher (market avg),"Billboard, bulletin, digital & wall advertising across Chicagoland.",imageoutdoor.com; WebSearch 2026-07-08,Medium
InSite Street Media,Regional operator,New York DMA (top-5 by spot count),New York,No,,New York,NY,,,,https://www.insitestreetmedia.com/,Quote only — request from company,Static ~$1k–$25k+/4wk; premium/spectacular boards much higher (market avg),Top-5 NYC DMA operator; residential & street-level media networks.,oohtoday.com Top-5 NYC operators; WebSearch 2026-07-08,Medium
International Outdoor,Regional operator,Metro Detroit / Southeast Michigan,Detroit,No,,Detroit,MI,,,,https://iobillboard.com/,Quote only — request from company,Static ~$1k–$25k+/4wk; premium/spectacular boards much higher (market avg),One of the largest OOH firms in SE Michigan — 100+ billboard faces in Metro Detroit.,iobillboard.com; WebSearch 2026-07-08,Medium
Keyes Outdoor Advertising,Independent / local operator,Indianapolis + surrounding Indiana,Indianapolis,No,,Indianapolis,IN,,,,http://www.keyesoutdoor.com/,Quote only — request from company,Static ~$1k–$25k+/4wk; premium/spectacular boards much higher (market avg),Local Indianapolis OOH operator with high-traffic locations.,keyesoutdoor.com; WebSearch 2026-07-08,Medium
Las Vegas Billboards,Independent / local operator,Las Vegas metro + Strip,Las Vegas,No,,Las Vegas,NV,,,,https://lasvegasbillboards.com/,Quote only — request from company,Strip placements premium — quote only,"Family-owned, local since 1987; digital & static billboards across the valley & Strip.",lasvegasbillboards.com; WebSearch 2026-07-08,Medium
Lux Media,Mobile / LED-truck operator,Dallas; Houston; Austin; San Antonio,Houston; San Antonio; Dallas; Austin,No,,,FL,,,,https://www.luxmediaads.com/,Quote only — request from company,"Mobile LED truck — day/route rate, quote only",Mobile LED billboard truck advertising across major TX metros.,luxmediaads.com; WebSearch 2026-07-08,Medium
Mile High Outdoor,Regional operator,Denver metro + Colorado,Denver,No,,Denver,CO,,,,https://milehighoutdoor.com/,Quote only — request from company,Static ~$1k–$25k+/4wk; premium/spectacular boards much higher (market avg),"Est. 1996; Denver's premier independent OOH firm — 400+ metro displays plus highway boards to Ft. Collins, Colorado Springs, Pueblo, Grand Junction.",milehighoutdoor.com; WebSearch 2026-07-08,Medium
Orlando Outdoor,Regional operator,Orlando; Lakeland; Winter Haven; Ocala; Davenport; Sebring,Orlando,No,,Orlando,FL,,,,https://www.orlandooutdoor.com/,Quote only — request from company,Static ~$1k–$25k+/4wk; premium/spectacular boards much higher (market avg),Digital billboards across Orlando and Central FL secondary markets.,orlandooutdoor.com; WebSearch 2026-07-08,Medium
Outdoor Impact,Independent / local operator,Chicago (north side),Chicago,No,,Chicago,IL,,,,https://www.outdoorimpact.com/,Quote only — request from company,Static ~$1k–$25k+/4wk; premium/spectacular boards much higher (market avg),"Billboard & wall-display advertising, esp. northern Chicago.",outdoorimpact.com; WebSearch 2026-07-08,Medium
Pacific Outdoor Advertising,Independent / local operator,Seattle / Western Washington,Seattle,No,,,WA,,,,https://www.pacificoutdooradvertising.com/,Quote only — request from company,Static ~$1k–$25k+/4wk; premium/spectacular boards much higher (market avg),"Local, boutique Seattle-area billboard company; personalized campaigns.",pacificoutdooradvertising.com; WebSearch 2026-07-08,Medium
Penneco Outdoor Advertising,Regional operator,Greater Pittsburgh (Westmoreland + 4 counties),Pittsburgh,No,,,PA,,,,https://pennecooutdoor.com/,Quote only — request from company,Static ~$1k–$25k+/4wk; premium/spectacular boards much higher (market avg),"Largest locally owned Pittsburgh-area operator — 30+ locations, 120+ faces.",pennecooutdoor.com; WebSearch 2026-07-08,Medium
PMD Media,Regional operator,New York DMA (top-5 by spot count),New York,No,,New York,NY,,,,,Quote only — request from company,Static ~$1k–$25k+/4wk; premium/spectacular boards much higher (market avg),Among the top-5 OOH owners in the NYC DMA by spot count.,oohtoday.com Top-5 NYC operators; WebSearch 2026-07-08,Medium
SDE Media,Independent / local operator,Greater Miami,Miami,No,,Miami,FL,,,,https://sde-media.com/,Quote only — request from company,Static ~$1k–$25k+/4wk; premium/spectacular boards much higher (market avg),"Boutique independent; static + digital on Palmetto (SR 826), Dolphin (SR 836) & Florida's Turnpike. FL Certified Minority Business; Miami-Dade Asset Pool.",sde-media.com; WebSearch 2026-07-08,Medium
SILVERCAST Media,Independent / local operator,"New York (spectaculars: Times Sq, Penn Plaza, MSG)",New York,No,,New York,NY,,,,https://www.silvercastmedia.com/,Quote only — request from company,"Oversized digital/static spectaculars — quote only, high-end","Premier oversized billboard spectaculars at Times Sq, Penn Plaza & Madison Square Garden.",silvercastmedia.com; WebSearch 2026-07-08,Medium
Steel City Billboards,Independent / local operator,Pittsburgh,Pittsburgh,No,,Pittsburgh,PA,,,,https://steelcitybillboards.com/,Quote only — request from company,Static ~$1k–$25k+/4wk; premium/spectacular boards much higher (market avg),"Family-owned since 2011; member OAAA, Geopath & Independent Billboard Operators of America.",steelcitybillboards.com; WebSearch 2026-07-08,Medium
Tampa Outdoor Advertising,Regional operator,Tampa; Lakeland; Winter Haven; Davenport; Sebring,Tampa,No,,Tampa,FL,,,,https://tampaoutdoor.com/,Quote only — request from company,Static ~$1k–$25k+/4wk; premium/spectacular boards much higher (market avg),Digital & static billboards across Tampa Bay and Central FL.,tampaoutdoor.com; WebSearch 2026-07-08,Medium
TM Advertising,Regional operator,SW Pennsylvania (Pittsburgh) + WV/OH/KY/MD,Pittsburgh,No,,,PA,,,,https://tmbillboard.com/,Quote only — request from company,Static ~$1k–$25k+/4wk; premium/spectacular boards much higher (market avg),Est. 2001 (84 Lumber subsidiary); 300+ static + 9 digital boards across PA/WV/OH/KY/MD.,tmbillboard.com; WebSearch 2026-07-08,Medium
Vision Outdoor,Regional operator,Baltimore / Mid-Atlantic (+ Pittsburgh),Baltimore; Pittsburgh,No,,Baltimore,MD,,,,https://visionoutdoormd.com/,Quote only — request from company,Static ~$1k–$25k+/4wk; premium/spectacular boards much higher (market avg),"Independent, locally owned; the Mid-Atlantic's only independent digital billboard operator.",visionoutdoormd.com; WebSearch 2026-07-08,Medium
YESCO Outdoor Media,Regional operator,Salt Lake City + 7 western states,Salt Lake City,No,2401 Foothill Dr,Salt Lake City,UT,84109,,,https://www.yesco.com/saltlakecity/outdoor-advertising/,Quote only — request from company,Static ~$1k–$25k+/4wk; premium/spectacular boards much higher (market avg),"2,105 faces across OR/MT/ID/NV/UT/WY/AZ; SLC inventory focused on the I-15 corridor.",yesco.com; WebSearch 2026-07-08,Medium
Adams Outdoor Advertising,Regional operator,Mid-size US markets (13 states); Atlanta; Charlotte,New York; Atlanta; Charlotte,No,,,FL,,,,,Quote only — request from company,Static ~$1k–$25k+/4wk; premium/spectacular boards much higher (market avg),"One of the largest US OOH firms — 11,000+ units across 13 states; traditional + digital.",WebSearch 2026-07-08,Low
Albert Outdoor Advertising,Independent / local operator,Dallas–Fort Worth,Dallas,No,,,TX,,,,,Quote only — request from company,Static ~$1k–$25k+/4wk; premium/spectacular boards much higher (market avg),DFW independent operator (named among AdQuick's aggregated DFW operators).,WebSearch 2026-07-08,Low
American Mobile Ads,Mobile / LED-truck operator,Jacksonville (mobile),Jacksonville,No,,,FL,,,,https://americanmobileads.com/markets/jacksonville,Quote only — request from company,"Mobile LED truck — day/route rate, quote only",Backlit + digital LED/video mobile billboard trucks in Jacksonville.,americanmobileads.com; WebSearch 2026-07-08,Low
Avail Media Group,Broker / agency / marketplace,Houston (independent OOH agency),Houston,No,,Houston,TX,,,,https://www.availmediagroup.com/capabilities/out-of-home,Quote only — request from company,Independent agency — negotiates across vendors,Independent agency negotiating across multiple Houston OOH vendors for placement & pricing.,availmediagroup.com; WebSearch 2026-07-08,Low
Big Outdoor,Independent / local operator,New York; Philadelphia (digital spectaculars),New York; Philadelphia,No,,New York,NY,,,,https://bigoutdoor.com/,Quote only — request from company,Digital spectacular — quote only,Digital billboard / spectacular operator (NYC + Philadelphia).,WebSearch 2026-07-08,Low
Billboard Company Atlanta,Independent / local operator,Atlanta metro,Atlanta,No,,Atlanta,GA,,,,https://billboardcompanyatlanta.com/,Quote only — request from company,Static ~$1k–$25k+/4wk; premium/spectacular boards much higher (market avg),Atlanta-area billboard advertising operator.,billboardcompanyatlanta.com; WebSearch 2026-07-08,Low
Billboard Source,Broker / agency / marketplace,San Francisco Bay Area; Los Angeles,San Francisco; Los Angeles,No,,,FL,,,,https://www.billboardsource.com/billboard-advertising-in-san-francisco-ca,Quote only — request from company,Static ~$1k–$25k+/4wk; premium/spectacular boards much higher (market avg),Outdoor advertising broker for SF/Bay Area and SoCal; works with agencies & individuals.,billboardsource.com; WebSearch 2026-07-08,Low
Billboards America,Broker / agency / marketplace,"Texas (Dallas, Houston, Austin, San Antonio, Fort Worth)",Houston; Dallas; San Antonio,No,,,FL,,,,https://www.billboardsamerica.com/billboard-advertising-locations/texas,Quote only — request from company,Static ~$1k–$25k+/4wk; premium/spectacular boards much higher (market avg),Brokerage with access to prime TX billboard locations.,billboardsamerica.com; WebSearch 2026-07-08,Low
Blue Ox Media,Independent / local operator,Minneapolis / Twin Cities (digital),Minneapolis,No,,Minneapolis,MN,,,,https://www.blueoxmediagroup.com/,Quote only — request from company,Digital billboard — quote only,Digital displays in the Twin Cities incl. a top-impression board just N of downtown.,blueoxmediagroup.com; WebSearch 2026-07-08,Low
Bray Outdoor Ads,Independent / local operator,Los Angeles & San Diego counties (SoCal),Los Angeles; San Diego,No,,,FL,,,,https://brayoutdoor.com/,Quote only — request from company,Static ~$1k–$25k+/4wk; premium/spectacular boards much higher (market avg),SoCal billboard operator/media buyer across LA and San Diego counties.,brayoutdoor.com; WebSearch 2026-07-08,Low
Burkett Media,Independent / local operator,Austin,Austin,No,,,TX,,,,,Quote only — request from company,Static ~$1k–$25k+/4wk; premium/spectacular boards much higher (market avg),Local Austin billboard operator.,WebSearch 2026-07-08,Low
Can't Miss US,Mobile / LED-truck operator,National mobile (largest digital-truck fleet),San Francisco; Houston; Detroit; Charlotte,No,,,FL,,,,https://cantmiss.us/,Quote only — request from company,Mobile digital billboard truck — quote only,Operates one of the largest fleets of digital billboard trucks in the US.,cantmiss.us; WebSearch 2026-07-08,Low
Catalyst Outdoor Advertising,Regional operator,Philadelphia suburbs + New York,Philadelphia; New York,No,,,PA,,,,https://www.linkedin.com/company/catalyst-outdoor-advertising,Quote only — request from company,Digital billboards — quote only,"Founded 2009 (Thaddeus Bartkowski); ~14 digital faces, known for 'living wall' displays. NOTE: financial distress in 2024; assets reportedly being sold to Lamar & Clear Channel — verify current ownership before contacting.",Billboard Insider; Philadelphia Inquirer; WebSearch 2026-07-08,Low
Daily Billboards,Independent / local operator,Jacksonville,Jacksonville,No,,Jacksonville,FL,,,,,Quote only — request from company,Static ~$1k–$25k+/4wk; premium/spectacular boards much higher (market avg),Independent operator with ~49 billboard locations in and around Jacksonville.,Alignable; WebSearch 2026-07-08,Low
Dallas Billboards LLC,Broker / agency / marketplace,Dallas–Fort Worth Metroplex,Dallas,No,,Dallas,TX,,,,https://www.dallasbillboards.com/,Quote only — request from company,Media buyer / creative agency — quote only,Full-service OOH media buyer & creative agency securing DFW billboard locations.,dallasbillboards.com; WebSearch 2026-07-08,Low
Digital Outdoor Advertising — DC,Regional operator,"Washington DC (National Mall, Capitol Hill approaches)",Washington DC,No,,,DC,,,,https://digitaloutdooradvertising.com/,Quote only — request from company,Static ~$1k–$25k+/4wk; premium/spectacular boards much higher (market avg),DC-area billboard coverage; supply tightly restricted in the District proper.,WebSearch 2026-07-08,Low
Elevation Outdoor Advertising,Regional operator,Colorado / Wyoming interstates,Denver,No,,,CO,,,,,Quote only — request from company,Static ~$1k–$25k+/4wk; premium/spectacular boards much higher (market avg),Founded 2003; interstate-highway billboard coverage across CO and WY.,WebSearch 2026-07-08,Low
Fisher Design & Advertising,Broker / agency / marketplace,Jacksonville (agency),Jacksonville,No,,Jacksonville,FL,,,,https://www.fisherdesignandadvertising.com/services/outdoor-advertising-jacksonville/,Quote only — request from company,"Agency — books across outdoor vendors, quote only",Agency partnering with outdoor companies for Jacksonville OOH campaigns.,fisherdesignandadvertising.com; WebSearch 2026-07-08,Low
GreenSigns Chicago,Independent / local operator,Chicago (all-digital network),Chicago,No,,Chicago,IL,,,,,Quote only — request from company,Digital billboard — quote only,"Fully digital, eco-friendly billboard network.",WebSearch 2026-07-08,Low
GSB Digital,Independent / local operator,"New York — wildposting / wheatpaste, print & install",New York,No,,New York,NY,,,,https://gsbdigital.com/,Quote only — request from company,Wildposting / production — quote only,"Street-level wheatpaste/wildposting (SoHo, Williamsburg, LES, Bushwick, Harlem) + OOH production & install.",gsbdigital.com; WebSearch 2026-07-08,Low
Heritage Outdoor Media,Independent / local operator,New York (Times Square digital),New York,No,,New York,NY,,,,,Quote only — request from company,Times Square digital — quote only,Times Square LED billboard technology.,WebSearch 2026-07-08,Low
Inspiria Outdoor Advertising,Independent / local operator,Houston,Houston,No,,Houston,TX,,,,https://inspiriaoutdoor.com/houston-advertising/,Quote only — request from company,Static ~$1k–$25k+/4wk; premium/spectacular boards much higher (market avg),Houston billboard advertising across various outdoor formats.,inspiriaoutdoor.com; WebSearch 2026-07-08,Low
J&B Signs Inc,Independent / local operator,Chicago,Chicago,No,,Chicago,IL,,,,,Quote only — request from company,Static ~$1k–$25k+/4wk; premium/spectacular boards much higher (market avg),Independent OOH media company partnering with local/regional/national advertisers.,WebSearch 2026-07-08,Low
Kenjoh Outdoor,Independent / local operator,"Columbus, OH",Columbus,No,,,OH,,,,,Quote only — request from company,Static ~$1k–$25k+/4wk; premium/spectacular boards much higher (market avg),Columbus operator with strong US-33 and I-270 inventory.,WebSearch 2026-07-08,Low
"Key-Ads, Inc.",Regional operator,Columbus; Dayton; Cincinnati; Toledo,Columbus,No,,,OH,,,,https://www.key-ads.com/,Quote only — request from company,Static ~$1k–$25k+/4wk; premium/spectacular boards much higher (market avg),Family-owned Ohio outdoor advertising company across the state's major metros.,key-ads.com; WebSearch 2026-07-08,Low
Keystone Outdoor Advertising,Regional operator,Philadelphia / Pennsylvania,Philadelphia,No,,,PA,,,,https://www.keystoneoutdoor.com/,Quote only — request from company,Static ~$1k–$25k+/4wk; premium/spectacular boards much higher (market avg),Regional PA billboard operator serving the Philadelphia market.,WebSearch 2026-07-08,Low
Logan Outdoor Advertising,Regional operator,Central West Florida (Tampa region),Tampa,No,,,FL,,,,https://loganoutdoor.com/,Quote only — request from company,Static ~$1k–$25k+/4wk; premium/spectacular boards much higher (market avg),Covers six central-west FL counties around the Tampa market.,loganoutdoor.com; WebSearch 2026-07-08,Low
Meadow Outdoor Advertising,Regional operator,Pacific Northwest (Portland region),Portland,No,,,OR,,,,,Quote only — request from company,Static ~$1k–$25k+/4wk; premium/spectacular boards much higher (market avg),Regional PNW billboard operator (inventory aggregated by AdQuick in Portland).,WebSearch 2026-07-08,Low
MediaChoice,Independent / local operator,Austin,Austin,No,,,TX,,,,,Quote only — request from company,Static ~$1k–$25k+/4wk; premium/spectacular boards much higher (market avg),Significant local Austin OOH operator.,WebSearch 2026-07-08,Low
MH Outdoor Media,Independent / local operator,Houston metro,Houston,No,,Houston,TX,,,,,Quote only — request from company,Static ~$1k–$25k+/4wk; premium/spectacular boards much higher (market avg),Local Houston billboard operator.,WebSearch 2026-07-08,Low
Midwest Billboards,Regional operator,Kansas & Oklahoma (independent network),Kansas City,No,,,FL,,,,https://midwestbillboards.com/,Quote only — request from company,Static ~$1k–$25k+/4wk; premium/spectacular boards much higher (market avg),Independent billboard network across Kansas & Oklahoma — 100+ digital & static boards.,midwestbillboards.com; WebSearch 2026-07-08,Low
Neutron Media,Independent / local operator,New York (digital billboards),New York,No,,New York,NY,,,,,Quote only — request from company,Static ~$1k–$25k+/4wk; premium/spectacular boards much higher (market avg),Digital billboards in NYC's busiest corridors.,WebSearch 2026-07-08,Low
O Media Group,Independent / local operator,Los Angeles,Los Angeles,No,,Los Angeles,CA,,,,,Quote only — request from company,Static ~$1k–$25k+/4wk; premium/spectacular boards much higher (market avg),LA independent OOH operator (named among Regency's LA competitors).,WebSearch 2026-07-08,Low
"Outdoor Ads, Inc.",Independent / local operator,Denver metro,Denver,No,,Denver,CO,,,,,Quote only — request from company,Static ~$1k–$25k+/4wk; premium/spectacular boards much higher (market avg),"Billboards, shelters, bus stops and transit displays across the Denver metro.",WebSearch 2026-07-08,Low
Parker Outdoor Inc.,Independent / local operator,"Seattle metro (Woodinville, Everett)",Seattle,No,,,WA,,,,https://www.parkeroutdoorinc.com/billboards/western-washington/seattle,Quote only — request from company,Static ~$1k–$25k+/4wk; premium/spectacular boards much higher (market avg),High-traffic static + digital billboards in Woodinville and Everett.,parkeroutdoorinc.com; WebSearch 2026-07-08,Low
Pearl Media,Regional operator,New York / Times Square + experiential,New York,No,,New York,NY,,,,https://pearlmedia.com/,Quote only — request from company,Times Square / experiential — quote only,Times Square billboards and experiential activations.,pearlmedia.com; WebSearch 2026-07-08,Low
Plug Talk Media,Broker / agency / marketplace,"Miami (billboard, DOOH, pDOOH)",Miami,No,,,FL,,,,https://www.plugtalk.media/our-markets/miami,Quote only — request from company,Programmatic/DOOH — dynamic,"Billboard, DOOH and programmatic DOOH campaigns across Miami.",plugtalk.media; WebSearch 2026-07-08,Low
Premier Mobile Billboards,Mobile / LED-truck operator,Houston; Dallas; San Antonio (mobile),Houston; Dallas; San Antonio,No,,Houston,TX,,,,https://premiermobilebillboards.com/,Quote only — request from company,Mobile LED truck — quote only,"Digital billboard trucks across major TX metros (Houston, Dallas, San Antonio).",premiermobilebillboards.com; WebSearch 2026-07-08,Low
Ralston Outdoor Advertising,Regional operator,Dallas–Fort Worth,Dallas,No,,,TX,,,,,Quote only — request from company,Static ~$1k–$25k+/4wk; premium/spectacular boards much higher (market avg),DFW independent operator (inventory aggregated by AdQuick alongside Lamar/CCO/OUTFRONT).,WebSearch 2026-07-08,Low
Red Rock Outdoor Advertising,Independent / local operator,New York (Manhattan),New York,No,,New York,NY,,,,,Quote only — request from company,Static ~$1k–$25k+/4wk; premium/spectacular boards much higher (market avg),On the NYC DOB Active Outdoor Advertising Companies (OAC) registry.,NYC DOB Active OAC list; WebSearch 2026-07-08,Low
Red Star Outdoor,Regional operator,Chicago,Chicago,No,,Chicago,IL,,,,,Quote only — request from company,Static ~$1k–$25k+/4wk; premium/spectacular boards much higher (market avg),Chicago-market billboard operator (named among major Chicago operators).,WebSearch 2026-07-08,Low
Robinson Outdoor,Independent / local operator,St. Louis south county / Jefferson County,St. Louis,No,,,MO,,,,https://robinsonoutdoorllc.com/locations/st-louis-imperial/,Quote only — request from company,Static ~$1k–$25k+/4wk; premium/spectacular boards much higher (market avg),Covers south St. Louis county and Jefferson County.,robinsonoutdoorllc.com; WebSearch 2026-07-08,Low
Rolling Adz Mobile Billboards,Mobile / LED-truck operator,New York City (mobile),New York,No,,New York,NY,,,,https://rollingadz.com/,Quote only — request from company,"Mobile billboard — day/route rate, quote only",Mobile billboard fleet across NYC.,rollingadz.com; WebSearch 2026-07-08,Low
"Seen Outdoor Media, LLC",Independent / local operator,New York (Brooklyn),New York,No,,Brooklyn,NY,,,,,Quote only — request from company,Static ~$1k–$25k+/4wk; premium/spectacular boards much higher (market avg),On the NYC DOB Active Outdoor Advertising Companies (OAC) registry.,NYC DOB Active OAC list; WebSearch 2026-07-08,Low
Signal Outdoor Advertising,Regional operator,Tampa Bay,Tampa,No,,,FL,,,,,Quote only — request from company,Static ~$1k–$25k+/4wk; premium/spectacular boards much higher (market avg),Named among the major Tampa Bay OOH operators.,WebSearch 2026-07-08,Low
Summus Outdoor,Regional operator,Seattle / Pacific Northwest,Seattle,No,,,WA,,,,,Quote only — request from company,Static ~$1k–$25k+/4wk; premium/spectacular boards much higher (market avg),Named among the major Seattle-metro OOH operators.,WebSearch 2026-07-08,Low
Trailhead Media,Regional operator,Atlanta / Carolinas / Southeast (digital OOH),Atlanta; Charlotte,No,,,GA,,,,https://trailheadmedia.com/,Quote only — request from company,Static ~$1k–$25k+/4wk; premium/spectacular boards much higher (market avg),Digital billboard & outdoor advertising company.,trailheadmedia.com; WebSearch 2026-07-08,Low
True Impact Media,Broker / agency / marketplace,San Antonio; San Francisco (+ national mobile),San Antonio; San Francisco,No,,,FL,,,,https://trueimpactmedia.com/billboard-advertising-in-san-antonio/,Quote only — request from company,Billboards + mobile — quote only,"Comprehensive San Antonio OOH incl. static, digital and mobile billboards.",trueimpactmedia.com; WebSearch 2026-07-08,Low
TSX Broadway (TSX Entertainment),Independent / local operator,Times Square (single landmark asset),New York,No,,New York,NY,,,,,Quote only — request from company,"Premium spectacular — quote only, very high-end","Flagship 18k-sq-ft curved LED at 47th & Broadway, Times Square.",WebSearch 2026-07-08,Low
VC Outdoor,Independent / local operator,Chicago (40 neighborhoods),Chicago,No,,Chicago,IL,,,,,Quote only — request from company,Wildposting / wallscape / bus wrap — quote only,"Hotspots, wild postings, wallscapes, bus wraps & street furniture across 40 Chicago neighborhoods.",WebSearch 2026-07-08,Low
